MSG_TYPE,TRANSACTION_ID,NUM_RECORDS,NAME,NAME2
4,123456,1,Test Object 123456,Test Object 123457
4,123457,1,Test Object 123457,Test Object 123458
4,123458,1,Test Object 123458,Test Object 123459
4,123459,1,Test Object 123459,Test Object 123460
4,123460,1,Test Object 123460,Test Object 123461
4,123461,1,Test Object 123461,Test Object 123462
4,123462,1,Test Object 123462,Test Object 123463
4,123463,1,Test Object 123463,Test Object 123464
4,123464,1,Test Object 123464,Test Object 123465
4,123465,1,Test Object 123465,Test Object 123456
